,"TOP INSURANCE WRITERS*, BY PRODUCT TYPE",CALENDAR YEAR 2016,DIRECT,Unnamed: 3,Unnamed: 4,Unnamed: 5
0,RANK,COMPANY,NAIC,Statement Type,Premiums Written($),Market Share(%)
1,,"ACCIDENT AND HEALTH,  TOTAL PREMIUMS: $66,547,194,985",,,,
2,1,BCBS OF FL,98167,X,9283694217,14
3,2,HUMANA MEDICAL PLAN INC,95270,X,8080532751,12.1
4,3,UNITEDHEALTHCARE INS CO,79413,L,5759832634,8.7
5,4,WELLCARE OF FL INC,95081,X,3679723666,5.5
6,5,SUNSHINE STATE HLTH PLAN INC,13148,X,3646007818,5.5
7,6,UNITED HLTHCARE OF FL INC,95264,X,3005613023,4.5
8,7,HEALTH OPTIONS INC,95089,X,2590016547,3.9
9,8,AETNA HLTH INC FL CORP,95088,X,1970416380,3
10,9,MOLINA HLTHCARE OF FL INC,13128,X,1944738940,2.9
11,10,CAREPLUS HLTH PLANS INC,95092,X,1721376352,2.6
12,11,HUMANA INS CO,73288,X,1606785964,2.4
13,12,PREFERRED CARE PARTNERS INC,11176,X,1487118238,2.2
14,13,AMERIGROUP FL INC,95093,X,1431822517,2.2
15,14,COVENTRY HLTH CARE OF FL INC,95114,X,1380255176,2.1
16,15,AETNA LIFE INS CO,60054,L,1249370440,1.9
17,16,SIMPLY HLTHCARE PLANS INC,13726,X,1230056168,1.8
18,17,FLORIDA TRUE HLTH INC,14378,X,1102822771,1.7
19,18,CIGNA HLTH & LIFE INS CO,67369,L,1018916113,1.5
20,19,AVMED INC,95263,X,967519314,1.5
21,20,FREEDOM HLTH INC,10119,X,871338683,1.3
22,21,HEALTHSPRING OF FL INC,11532,X,860573305,1.3
23,22,CAPITAL HLTH PLAN INC,95112,X,764555243,1.1
24,23,HEALTH SUN HLTH PLANS,10122,X,709048918,1.1
25,,"AGGREGATE WRITE-INS FOR OTHER LINES OF BUSINESS,  TOTAL PREMIUMS: $124,655,294",,,,
26,1,JEFFERSON INS CO,11630,P,37777620,30.3
27,2,COURTESY INS CO,26492,P,28080917,22.5
28,3,CATERPILLAR INS CO,11255,P,11275208,9
29,4,AMERICAN ROAD INS CO,19631,P,7355814,5.9
30,5,ARAG INS CO,34738,P,6878346,5.5
31,6,MIDWEST EMPLOYERS CAS CO,23612,P,5067218,4.1
32,7,INDIAN HARBOR INS CO,36940,P,5010427,4
33,8,GENERALI US BRANCH,11231,P,4985171,4
34,9,AMERICAN MODERN HOME INS CO,23469,P,3654706,2.9
35,10,ARCH INS CO,11150,P,3193703,2.6
36,11,INDEPENDENCE AMER INS CO,26581,P,1607573,1.3
37,12,BCS INS CO,38245,P,1461495,1.2
38,,"AIRCRAFT (ALL PERILS),  TOTAL PREMIUMS: $103,009,768",,,,
39,1,NATIONAL UNION FIRE INS CO OF PITTS,19445,P,14819561,14.4
40,2,XL SPECIALTY INS CO,37885,P,10045227,9.8
41,3,STARR IND & LIAB CO,38318,P,8996320,8.7
42,4,AMERICAN ALT INS CORP,19720,P,6710912,6.5
43,5,OLD REPUBLIC INS CO,24147,P,6701029,6.5
44,6,ALLIANZ GLOBAL RISKS US INS CO,35300,P,6252661,6.1
45,7,QBE INS CORP,39217,P,5205244,5.1
46,8,US SPECIALTY INS CO,29599,P,4020824,3.9
47,9,STARNET INS CO,40045,P,4015157,3.9
48,10,ACE AMER INS CO,22667,P,4007080,3.9
49,11,LIBERTY MUT INS CO,23043,P,3536706,3.4
50,12,ENDURANCE ASSUR CORP,11551,P,3463937,3.4
51,13,INSURANCE CO OF THE STATE OF PA,19429,P,3022670,2.9
52,14,CATLIN INS CO,19518,P,2588810,2.5
53,15,NATIONAL IND CO OF THE SOUTH,42137,P,2139682,2.1
54,16,STARR SURPLUS LINES INS CO,13604,P,1801807,1.7
55,17,FEDERAL INS CO,20281,P,1690835,1.6
56,18,GREAT AMER INS CO,16691,P,1621115,1.6
57,19,NATIONAL SPECIALTY INS CO,22608,P,1415016,1.4
58,20,HALLMARK INS CO,34037,P,1313957,1.3
59,21,TOKIO MARINE AMER INS CO,10945,P,1227022,1.2
60,22,NORTH AMER ELITE INS CO,29700,P,1204933,1.2
61,23,AVEMCO INS CO,10367,P,1105907,1.1
62,24,WESTCHESTER FIRE INS CO,10030,P,1101158,1.1
63,,"ALLIED LINES,  TOTAL PREMIUMS: $2,272,410,460",,,,
64,1,CITIZENS PROP INS CORP,10064,P,507328595,22.3
65,2,AMERICAN SECURITY INS CO,42978,P,198935783,8.8
66,3,LEXINGTON INS CO,19437,P,110340459,4.9
67,4,WESTON INS CO,14930,P,88289417,3.9
68,5,WESTCHESTER SURPLUS LINES INS CO,10172,P,83718959,3.7
69,6,AMERICAN INTEGRITY INS CO OF FL,12841,P,64544012,2.8
70,7,WESTPORT INS CORP,39845,P,54937977,2.4
71,8,UNIVERSAL PROP & CAS INS,10861,P,54864301,2.4
72,9,QBE INS CORP,39217,P,52113887,2.3
73,10,ZURICH AMER INS CO,16535,P,49770642,2.2
74,11,QBE SPECIALTY INS CO,11515,P,43311493,1.9
75,12,HERITAGE PROP & CAS INS CO,14407,P,42956688,1.9
76,13,SCOTTSDALE INS CO,41297,P,41795021,1.8
77,14,NATIONAL FIRE & MARINE INS CO,20079,P,39189429,1.7
78,15,LANDMARK AMER INS CO,33138,P,37390521,1.6
79,16,SAFEPOINT INS CO,15341,P,36387566,1.6
80,17,FACTORY MUT INS CO,21482,P,35956944,1.6
81,18,ENDURANCE AMER SPECIALTY INS CO,41718,P,24915227,1.1
82,,"ANNUITY CONSIDERATIONS,  TOTAL PREMIUMS: $18,169,906,794",,,,
83,1,LINCOLN NATL LIFE INS CO,65676,L,1181174188,6.5
84,2,JACKSON NATL LIFE INS CO,65056,L,1154351927,6.4
85,3,ALLIANZ LIFE INS CO OF N AMER,90611,L,943075691,5.2
86,4,AMERICAN GEN LIFE INS CO,60488,L,872910900,4.8
87,5,AXA EQUITABLE LIFE INS CO,62944,L,759981602,4.2
88,6,VARIABLE ANN LIFE INS CO,70238,L,735056948,4
89,7,NEW YORK LIFE INS & ANN CORP,91596,L,729739933,4
90,8,VOYA RETIREMENT INS & ANN CO,86509,L,663601246,3.7
91,9,PRUCO LIFE INS CO,79227,L,595680179,3.3
92,10,FORETHOUGHT LIFE INS CO,91642,L,518736062,2.9
93,11,ATHENE ANN & LIFE CO,61689,L,514768937,2.8
94,12,AMERICAN EQUITY INVEST LIFE INS CO,92738,L,506543774,2.8
95,13,TEACHERS INS & ANN ASSOC OF AMER,69345,L,467940948,2.6
96,14,MIDLAND NATL LIFE INS CO,66044,L,453874350,2.5
97,15,METLIFE INS CO USA,87726,L,404673271,2.2
98,16,PACIFIC LIFE INS CO,67466,L,403896218,2.2
99,17,PRUDENTIAL INS CO OF AMER,68241,L,356890630,2
100,18,GREAT AMER LIFE INS CO,63312,L,348618471,1.9
101,19,SYMETRA LIFE INS CO,68608,L,339319107,1.9
102,20,SECURITY BENEFIT LIFE INS CO,68675,L,330781157,1.8
103,21,PRINCIPAL LIFE INS CO,61271,L,326353873,1.8
104,22,TRANSAMERICA LIFE INS CO,86231,L,311760268,1.7
105,23,RIVERSOURCE LIFE INS CO,65005,L,292046049,1.6
106,24,MASSACHUSETTS MUT LIFE INS CO,65935,L,230797694,1.3
107,25,NORTH AMER CO LIFE & HLTH INS,66974,L,229767126,1.3
108,26,METROPOLITAN LIFE INS CO,65978,L,223430526,1.2
109,27,BANNER LIFE INS CO,94250,L,221756185,1.2
110,28,FIDELITY & GUAR LIFE INS CO,63274,L,207371220,1.1
111,29,GREAT W LIFE & ANN INS CO,68322,L,203494490,1.1
112,,"BOILER AND MACHINERY,  TOTAL PREMIUMS: $68,364,340",,,,
113,1,FACTORY MUT INS CO,21482,P,22123433,32.4
114,2,LEXINGTON INS CO,19437,P,6880796,10.1
115,3,HARTFORD STEAM BOIL INSPEC & INS CO,11452,P,4873170,7.1
116,4,TRAVELERS PROP CAS CO OF AMER,25674,P,4869959,7.1
117,5,CONTINENTAL CAS CO,20443,P,4253420,6.2
118,6,FEDERAL INS CO,20281,P,3183871,4.7
119,7,NATIONAL UNION FIRE INS CO OF PITTS,19445,P,1400503,2
120,8,XL INS AMER INC,24554,P,1375924,2
121,9,LIBERTY MUT FIRE INS CO,23035,P,1340903,2
122,10,ZURICH AMER INS CO,16535,P,1168719,1.7
123,11,AMERICAN GUAR & LIAB INS,26247,P,1132542,1.7
124,12,WESTPORT INS CORP,39845,P,1082932,1.6
125,13,AMERICAN HOME ASSUR CO,19380,P,929045,1.4
126,14,TRAVELERS IND CO OF AMER,25666,P,755509,1.1
127,,"BURGLARY AND THEFT,  TOTAL PREMIUMS: $18,549,555",,,,
128,1,TRAVELERS CAS & SURETY CO OF AMER,31194,P,2959328,16
129,2,HISCOX INS CO INC,10200,P,2061704,11.1
130,3,NATIONAL UNION FIRE INS CO OF PITTS,19445,P,1615889,8.7
131,4,FEDERAL INS CO,20281,P,1582950,8.5
132,5,ASPEN SPECIALTY INS CO,10717,P,1126470,6.1
133,6,ZURICH AMER INS CO,16535,P,1046996,5.6
134,7,CUMIS INS SOCIETY INC,10847,P,941333,5.1
135,8,UNITED CAS INS CO OF AMER,11142,P,810649,4.4
136,9,US SPECIALTY INS CO,29599,P,728132,3.9
137,10,MASSACHUSETTS BAY INS CO,22306,P,604278,3.3
138,11,CONTINENTAL CAS CO,20443,P,522082,2.8
139,12,HARTFORD FIRE IN CO,19682,P,299899,1.6
140,13,UNIVERSAL UNDERWRITERS INS CO,41181,P,298713,1.6
141,14,STEADFAST INS CO,26387,P,290555,1.6
142,15,ALLIED PROP & CAS INS CO,42579,P,286197,1.5
143,16,FIDELITY & DEPOSIT CO OF MD,39306,P,254209,1.4
144,17,UNITED STATES LIAB INS CO,25895,P,243280,1.3
145,18,HANOVER INS CO,22292,P,229597,1.2
146,19,COLUMBIA CAS CO,31127,P,197963,1.1
147,,"COMMERCIAL AUTO,  TOTAL PREMIUMS: $2,305,554,724",,,,
148,1,PROGRESSIVE EXPRESS INS CO,10193,P,358506664,15.5
149,2,AUTO OWNERS INS CO,18988,P,72834021,3.2
150,3,WESTFIELD INS CO,24112,P,63676261,2.8
151,4,ZURICH AMER INS CO,16535,P,56616009,2.5
152,5,OWNERS INS CO,32700,P,55073823,2.4
153,6,ALLSTATE INS CO,19232,P,52148073,2.3
154,7,NATIONAL IND CO OF THE SOUTH,42137,P,51800332,2.2
155,8,WESCO INS CO,25011,P,40621761,1.8
156,9,EMPIRE FIRE & MARINE INS CO,21326,P,35863707,1.6
157,10,PHILADELPHIA IND INS CO,18058,P,35458038,1.5
158,11,ASCENDANT COMMERCIAL INS INC,13683,P,34565790,1.5
159,12,FCCI INS CO,10178,P,34063328,1.5
160,13,OHIO SECURITY INS CO,24082,P,34008639,1.5
161,14,STATE NATL INS CO INC,12831,P,31720044,1.4
162,15,STATE FARM MUT AUTO INS CO,25178,P,31268448,1.4
163,16,AMERISURE INS CO,19488,P,30168694,1.3
164,17,MAPFRE INS CO OF FL,34932,P,29473675,1.3
165,18,GRANADA INS CO,16870,P,29090984,1.3
166,19,NATIONAL SPECIALTY INS CO,22608,P,28077020,1.2
167,20,SENTRY SELECT INS CO,21180,P,27131402,1.2
168,21,ACE AMER INS CO,22667,P,26472262,1.1
169,22,INTEGON PREFERRED INS CO,31488,P,25691194,1.1
170,23,NATIONAL UNION FIRE INS CO OF PITTS,19445,P,25498678,1.1
171,24,GOVERNMENT EMPLOYEES INS CO,22063,P,25025951,1.1
172,25,LIBERTY MUT FIRE INS CO,23035,P,24019118,1
173,26,TRAVELERS IND CO,25658,P,23303081,1
174,,"COMMERCIAL MULTIPLE PERIL,  TOTAL PREMIUMS: $2,141,134,995",,,,
175,1,AMERICAN COASTAL INS CO,12968,P,250219012,11.7
176,2,HERITAGE PROP & CAS INS CO,14407,P,119896778,5.6
177,3,ZURICH AMER INS CO,16535,P,96697840,4.5
178,4,PHILADELPHIA IND INS CO,18058,P,95067424,4.4
179,5,OLD DOMINION INS CO,40231,P,79492569,3.7
180,6,AMERICAN CAPITAL ASSUR CORP,12601,P,71190994,3.3
181,7,SCOTTSDALE INS CO,41297,P,58019373,2.7
182,8,ACE AMER INS CO,22667,P,47082032,2.2
183,9,SOUTHERN OWNERS INS CO,10190,P,44247298,2.1
184,10,ROCKHILL INS CO,28053,P,42712646,2
185,11,FIRST COMMUNITY INS CO,13990,P,41595229,1.9
186,12,UNITED SPECIALTY INS CO,12537,P,40046932,1.9
187,13,FEDERAL INS CO,20281,P,38570493,1.8
188,14,WESTFIELD INS CO,24112,P,38452710,1.8
189,15,STEADFAST INS CO,26387,P,33491600,1.6
190,16,PRAETORIAN INS CO,37257,P,30844205,1.4
191,17,OHIO SECURITY INS CO,24082,P,30647919,1.4
192,18,ASPEN SPECIALTY INS CO,10717,P,30245340,1.4
193,19,DEPOSITORS INS CO,42587,P,29219407,1.4
194,20,NATIONWIDE INS CO OF AMER,25453,P,27914210,1.3
195,21,TOWER HILL PRIME INS CO,11027,P,27588656,1.3
196,22,LIBERTY SURPLUS INS CORP,10725,P,26734969,1.2
197,23,STATE FARM FL INS CO,10739,P,21764172,1
198,24,HARTFORD FIRE IN CO,19682,P,21528693,1
199,,"CREDIT,  TOTAL PREMIUMS: $114,833,834",,,,
200,1,EULER HERMES N AMER INS CO,20516,P,25122509,21.9
201,2,GREAT AMER ASSUR CO,26344,P,21488556,18.7
202,3,OLD REPUBLIC INS CO,24147,P,11099801,9.7
203,4,AMERICAN NATL PROP & CAS CO,28401,P,7411178,6.5
204,5,GREAT AMER E&S INS CO,37532,P,7286616,6.3
205,6,COFACE N AMER INS CO,31887,P,6780799,5.9
206,7,ARCH INS CO,11150,P,5551390,4.8
207,8,QBE INS CORP,39217,P,5034936,4.4
208,9,FIRST COLONIAL INS CO,29980,P,4020996,3.5
209,10,AMERICAN BANKERS INS CO OF FL,10111,P,3481059,3
210,11,OHIO IND CO,26565,P,2812197,2.4
211,12,ATLANTIC SPECIALTY INS CO,27154,P,2688617,2.3
212,13,ATRADIUS TRADE CREDIT INS CO,25422,P,2015402,1.8
213,14,ALLIED WORLD ASSUR CO US INC,19489,P,1343223,1.2
214,15,INDIAN HARBOR INS CO,36940,P,1328637,1.2
215,16,GREAT AMER INS CO,16691,P,1249412,1.1
216,,"DEPOSIT-TYPE CONTRACT FUNDS,  TOTAL PREMIUMS: $1,517,486,926",,,,
217,1,PRINCIPAL LIFE INS CO,61271,L,450682460,29.7
218,2,MASSACHUSETTS MUT LIFE INS CO,65935,L,254570070,16.8
219,3,PRUDENTIAL RETIREMENT INS & ANN CO,93629,L,169983253,11.2
220,4,HARTFORD LIFE INS CO,88072,L,155924911,10.3
221,5,VARIABLE ANN LIFE INS CO,70238,L,140043209,9.2
222,6,KNIGHTS OF COLUMBUS,58033,F,44805793,3
223,7,NEW YORK LIFE INS & ANN CORP,91596,L,25969367,1.7
224,8,AETNA LIFE INS CO,60054,L,25039568,1.7
225,9,PHOENIX LIFE INS CO,67814,L,24354168,1.6
226,10,AMERICAN GEN LIFE INS CO,60488,L,22989116,1.5
227,11,PRUDENTIAL INS CO OF AMER,68241,L,21581362,1.4
228,12,UNITED OF OMAHA LIFE INS CO,69868,L,20465927,1.3
229,13,SYMETRA LIFE INS CO,68608,L,16992925,1.1
230,,"EARTHQUAKE,  TOTAL PREMIUMS: $22,174,684",,,,
231,1,LEXINGTON INS CO,19437,P,6585437,29.7
232,2,EVANSTON INS CO,35378,P,1986256,9
233,3,ENDURANCE AMER SPECIALTY INS CO,41718,P,1080200,4.9
234,4,NATIONAL FIRE & MARINE INS CO,20079,P,966861,4.4
235,5,ZURICH AMER INS CO,16535,P,907647,4.1
236,6,TRAVELERS EXCESS & SURPLUS LINES CO,29696,P,889728,4
237,7,ROCKHILL INS CO,28053,P,764599,3.4
238,8,XL INS AMER INC,24554,P,741209,3.3
239,9,IRONSHORE SPECIALTY INS CO,25445,P,660648,3
240,10,ARCH SPECIALTY INS CO,21199,P,574350,2.6
241,11,AMERICAN GUAR & LIAB INS,26247,P,557016,2.5
242,12,LIBERTY MUT FIRE INS CO,23035,P,528048,2.4
243,13,ALLIED WORLD ASSUR CO US INC,19489,P,484093,2.2
244,14,TRAVELERS PROP CAS CO OF AMER,25674,P,389095,1.8
245,15,ALLIANZ GLOBAL RISKS US INS CO,35300,P,388812,1.8
246,16,AXIS SURPLUS INS CO,26620,P,368489,1.7
247,17,WESTCHESTER SURPLUS LINES INS CO,10172,P,358731,1.6
248,18,WESTPORT INS CORP,39845,P,319270,1.4
249,19,TRAVELERS IND CO,25658,P,295093,1.3
250,,"EXCESS WORKERS' COMPENSATION,  TOTAL PREMIUMS: $60,622,445",,,,
251,1,SAFETY NATL CAS CORP,15105,P,17933415,29.6
252,2,NEW YORK MARINE & GEN INS CO,16608,P,9317436,15.4
253,3,ACE AMER INS CO,22667,P,8032150,13.2
254,4,COLONY INS CO,39993,P,5656505,9.3
255,5,LM INS CORP,33600,P,4417316,7.3
256,6,ARCH INS CO,11150,P,3495056,5.8
257,7,STATE NATL INS CO INC,12831,P,2586701,4.3
258,8,XL SPECIALTY INS CO,37885,P,1751894,2.9
259,9,WESCO INS CO,25011,P,1706600,2.8
260,10,NATIONAL UNION FIRE INS CO OF PITTS,19445,P,1378405,2.3
261,11,EVEREST NATL INS CO,10120,P,1294597,2.1
262,12,TRAVELERS PROP CAS CO OF AMER,25674,P,944739,1.6
263,13,FEDERATED RURAL ELECTRIC INS EXCH,11118,P,640853,1.1
264,,"FARMOWNERS MULTIPLE PERIL,  TOTAL PREMIUMS: $22,819,608",,,,
265,1,GREAT AMER ASSUR CO,26344,P,6469226,28.3
266,2,GREAT AMER INS CO,16691,P,4033211,17.7
267,3,GREAT AMER INS CO OF NY,22136,P,2743294,12
268,4,FCCI INS CO,10178,P,1991705,8.7
269,5,TRAVELERS IND CO OF AMER,25666,P,1466728,6.4
270,6,SCOTTSDALE INS CO,41297,P,1274987,5.6
271,7,INDEMNITY INS CO OF NORTH AMER,43575,P,908504,4
272,8,TRAVELERS IND CO,25658,P,872580,3.8
273,9,CHARTER OAK FIRE INS CO,25615,P,823857,3.6
274,10,MARKEL INS CO,38970,P,632273,2.8
275,11,TRAVELERS IND CO OF CT,25682,P,590567,2.6
276,12,NATIONAL TRUST INS CO,20141,P,478903,2.1
277,13,GEMINI INS CO,10833,P,273949,1.2
278,14,GREAT AMER ALLIANCE INS CO,26832,P,259824,1.1
279,,"FEDERAL FLOOD,  TOTAL PREMIUMS: $822,360,841",,,,
280,1,WRIGHT NATL FLOOD INS CO,11523,P,218760765,26.6
281,2,AMERICAN BANKERS INS CO OF FL,10111,P,95330293,11.6
282,3,ALLSTATE INS CO,19232,P,70569055,8.6
283,4,HARTFORD INS CO OF THE MIDWEST,37478,P,64455708,7.8
284,5,AMERICAN STRATEGIC INS CORP,10872,P,60419670,7.3
285,6,USAA GEN IND CO,18600,P,30008699,3.6
286,7,SELECTIVE INS CO OF THE SOUTHEAST,39926,P,29852402,3.6
287,8,FIRST COMMUNITY INS CO,13990,P,25206982,3.1
288,9,TOWER HILL PRIME INS CO,11027,P,24768470,3
289,10,TOWER HILL PREFERRED INS CO,29050,P,24675158,3
290,11,SERVICE INS CO,36560,P,20702290,2.5
291,12,AUTO CLUB S INS CO,41041,P,17130296,2.1
292,13,NATIONWIDE MUT FIRE INS CO,23779,P,13755216,1.7
293,14,PHILADELPHIA IND INS CO,18058,P,13623150,1.7
294,15,OLD DOMINION INS CO,40231,P,12666446,1.5
295,16,FEDERATED NATL INS CO,10790,P,9946801,1.2
296,17,UNITED PROP & CAS INS CO,10969,P,9854461,1.2
297,18,NATIONWIDE MUT INS CO,23787,P,9607787,1.2
298,,"FIDELITY,  TOTAL PREMIUMS: $64,151,938",,,,
299,1,TRAVELERS CAS & SURETY CO OF AMER,31194,P,12374131,19.3
300,2,FEDERAL INS CO,20281,P,9953943,15.5
301,3,NATIONAL UNION FIRE INS CO OF PITTS,19445,P,4930832,7.7
302,4,GREAT AMER INS CO,16691,P,4493628,7
303,5,LIBERTY MUT INS CO,23043,P,3596279,5.6
304,6,HARTFORD FIRE IN CO,19682,P,3058174,4.8
305,7,CUMIS INS SOCIETY INC,10847,P,2747138,4.3
306,8,CONTINENTAL CAS CO,20443,P,2648215,4.1
307,9,ZURICH AMER INS CO,16535,P,1718525,2.7
308,10,WESTERN SURETY CO,13188,P,1226012,1.9
309,11,FIDELITY & DEPOSIT CO OF MD,39306,P,1221734,1.9
310,12,HANOVER INS CO,22292,P,1010639,1.6
311,13,MASSACHUSETTS BAY INS CO,22306,P,802116,1.3
312,14,RLI INS CO,13056,P,794528,1.2
313,15,OLD REPUBLIC SURETY CO,40444,P,685045,1.1
314,16,COLONIAL SURETY CO,10758,P,678347,1.1
315,17,BEAZLEY INS CO INC,37540,P,654039,1
316,,"FINANCIAL GUARANTY,  TOTAL PREMIUMS: $5,519,152",,,,
317,1,ASSURED GUAR MUNICIPAL CORP,18287,P,3191210,57.8
318,2,NATIONAL PUBLIC FINANCE GUAR CORP,23825,P,870785,15.8
319,3,BUILD AMER MUT ASSUR CO,14380,P,796053,14.4
320,4,MBIA INS CORP,12041,P,319441,5.8
321,5,AMBAC ASSUR CORP,18708,P,259079,4.7
322,6,MUNICIPAL ASSUR COR,13559,P,82584,1.5
323,"FIRE,","TOTAL PREMIUMS: $1,242,304,845",,,,
324,1,LEXINGTON INS CO,19437,P,101084674,8.1
325,2,AMERICAN SECURITY INS CO,42978,P,69263308,5.6
326,3,SECURITY FIRST INS CO,10117,P,66026974,5.3
327,4,VOYAGER IND INS CO,40428,P,61786383,5
328,5,ARCH SPECIALTY INS CO,21199,P,54109851,4.4
329,6,FEDERATED NATL INS CO,10790,P,41617132,3.3
330,7,UNITED PROP & CAS INS CO,10969,P,40671771,3.3
331,8,CITIZENS PROP INS CORP,10064,P,37788146,3
332,9,GENERAL SECURITY IND CO OF AZ,20559,P,33561094,2.7
333,10,HOMEOWNERS CHOICE PROP & CAS INS CO,12944,P,31993284,2.6
334,11,QBE SPECIALTY INS CO,11515,P,31974119,2.6
335,12,EMPIRE IND INS CO,21334,P,28309126,2.3
336,13,SOUTHERN FIDELITY INS CO INC,10136,P,27352473,2.2
337,14,INDIAN HARBOR INS CO,36940,P,26979701,2.2
338,15,SOUTHERN FIDELITY PROP & CAS INC,14166,P,25267210,2
339,16,PEOPLES TRUST INS CO,13125,P,22647594,1.8
340,17,SOUTHERN OAK INS CO,12247,P,22284707,1.8
341,18,LIBERTY MUT FIRE INS CO,23035,P,22118167,1.8
342,19,UNIVERSAL INS CO OF NA,11986,P,19880488,1.6
343,20,FLORIDA FAMILY INS CO,10688,P,18829213,1.5
344,21,CAPITOL PREFERRED INS CO,10908,P,18345814,1.5
345,22,FACTORY MUT INS CO,21482,P,18010627,1.4
346,23,UNIVERSAL PROP & CAS INS,10861,P,15581788,1.3
347,24,WESTCHESTER SURPLUS LINES INS CO,10172,P,15028528,1.2
348,25,LANDMARK AMER INS CO,33138,P,14521302,1.2
349,26,FIRST PROTECTIVE INS CO,10897,P,14120993,1.1
350,27,AMERICAN INTEGRITY INS CO OF FL,12841,P,13300368,1.1
351,28,CHUBB CUSTOM INS CO,38989,P,13249763,1.1
352,29,IRONSHORE SPECIALTY INS CO,25445,P,12656930,1
353,,"HOMEOWNERS MULTIPLE PERIL,  TOTAL PREMIUMS: $8,769,566,047",,,,
354,1,UNIVERSAL PROP & CAS INS,10861,P,781475443,8.9
355,2,STATE FARM FL INS CO,10739,P,581448453,6.6
356,3,FEDERATED NATL INS CO,10790,P,430041366,4.9
357,4,CITIZENS PROP INS CORP,10064,P,428723564,4.9
358,5,HERITAGE PROP & CAS INS CO,14407,P,398205621,4.5
359,6,HOMEOWNERS CHOICE PROP & CAS INS CO,12944,P,321567787,3.7
360,7,SECURITY FIRST INS CO,10117,P,294492248,3.4
361,8,UNITED PROP & CAS INS CO,10969,P,281034338,3.2
362,9,FLORIDA PENINSULA INS CO,10132,P,253873944,2.9
363,10,FIRST PROTECTIVE INS CO,10897,P,244861536,2.8
364,11,UNITED SERV AUTOMOBILE ASSN,25941,P,244399348,2.8
365,12,PEOPLES TRUST INS CO,13125,P,243905349,2.8
366,13,ST JOHNS INS CO INC,11844,P,227150119,2.6
367,14,TOWER HILL PRIME INS CO,11027,P,211586668,2.4
368,15,AMERICAN INTEGRITY INS CO OF FL,12841,P,184493005,2.1
369,16,FEDERAL INS CO,20281,P,184393345,2.1
370,17,AIG PROP CAS CO,19402,P,156966840,1.8
371,18,ASI PREFERRED INS CORP,13142,P,125703484,1.4
372,19,USAA CAS INS CO,25968,P,124903574,1.4
373,20,OLYMPUS INS CO,12954,P,116658112,1.3
374,21,TOWER HILL PREFERRED INS CO,29050,P,112497312,1.3
375,22,TOWER HILL SIGNATURE INS CO,12538,P,109617437,1.2
376,23,TOWER HILL SELECT INS CO,12011,P,105023614,1.2
377,24,CASTLE KEY INS CO,30511,P,99752165,1.1
378,25,AUTO CLUB INS CO OF FL,12813,P,99586380,1.1
379,26,LEXINGTON INS CO,19437,P,93175910,1.1
380,27,GULFSTREAM PROP & CAS INS CO,12237,P,89770036,1
381,28,FLORIDA FAMILY INS CO,10688,P,88937702,1
382,,"INLAND MARINE,  TOTAL PREMIUMS: $1,281,535,331",,,,
383,1,CONTINENTAL CAS CO,20443,P,229951161,17.9
384,2,LIBERTY INS UNDERWRITERS INC,19917,P,113286207,8.8
385,3,AMERICAN ZURICH INS CO,40142,P,40483808,3.2
386,4,FEDERAL INS CO,20281,P,36109345,2.8
387,5,AMERICAN HOME ASSUR CO,19380,P,35772502,2.8
388,6,TRANSAMERICA CAS INS CO,10952,P,33528715,2.6
389,7,STATE FARM FL INS CO,10739,P,33043952,2.6
390,8,AMERICAN BANKERS INS CO OF FL,10111,P,32628065,2.5
391,9,PROGRESSIVE AMER INS CO,24252,P,32406305,2.5
392,10,LEXINGTON INS CO,19437,P,27799514,2.2
393,11,NEW HAMPSHIRE INS CO,23841,P,26186552,2
394,12,AGCS MARINE INS CO,22837,P,23664410,1.8
395,13,FACTORY MUT INS CO,21482,P,21997194,1.7
396,14,JEWELERS MUT INS CO,14354,P,21842814,1.7
397,15,NATIONAL CAS CO,11991,P,21551098,1.7
398,16,GEICO MARINE INS CO,37923,P,18951248,1.5
399,17,PROGRESSIVE SELECT INS CO,10192,P,18367138,1.4
400,18,TRAVELERS PROP CAS CO OF AMER,25674,P,18267629,1.4
401,19,PROGRESSIVE EXPRESS INS CO,10193,P,18243370,1.4
402,20,UNITED STATES FIRE INS CO,21113,P,17828217,1.4
403,21,ZURICH AMER INS CO,16535,P,17086293,1.3
404,22,NATIONAL UNION FIRE INS CO OF PITTS,19445,P,16997027,1.3
405,23,SECURIAN CAS CO,10054,P,16742413,1.3
406,24,LYNDON SOUTHERN INS CO,10051,P,14897468,1.2
407,25,OLD REPUBLIC INS CO,24147,P,14135683,1.1
408,26,LIBERTY MUT INS CO,23043,P,13270908,1
409,,"LIFE TOTAL PREMIUMS: $9,468,703,294",,,,
410,1,NORTHWESTERN MUT LIFE INS CO,67091,L,629382468,6.6
411,2,MASSACHUSETTS MUT LIFE INS CO,65935,L,498691080,5.3
412,3,LINCOLN NATL LIFE INS CO,65676,L,423687680,4.5
413,4,METROPOLITAN LIFE INS CO,65978,L,392723594,4.1
414,5,JOHN HANCOCK LIFE INS CO USA,65838,L,336177053,3.6
415,6,NEW YORK LIFE INS CO,66915,L,316049292,3.3
416,7,AMERICAN GEN LIFE INS CO,60488,L,304755176,3.2
417,8,TRANSAMERICA LIFE INS CO,86231,L,290538846,3.1
418,9,GUARDIAN LIFE INS CO OF AMER,64246,L,262322288,2.8
419,10,PRUCO LIFE INS CO,79227,L,230554146,2.4
420,11,STATE FARM LIFE INS CO,69108,L,228777756,2.4
421,12,PRUDENTIAL INS CO OF AMER,68241,L,224095585,2.4
422,13,METLIFE INS CO USA,87726,L,208850716,2.2
423,14,PACIFIC LIFE INS CO,67466,L,195691151,2.1
424,15,NEW YORK LIFE INS & ANN CORP,91596,L,192404780,2
425,16,MINNESOTA LIFE INS CO,66168,L,169423207,1.8
426,17,AXA EQUITABLE LIFE INS CO,62944,L,164202332,1.7
427,18,PRIMERICA LIFE INS CO,65919,L,154035570,1.6
428,19,UNITED OF OMAHA LIFE INS CO,69868,L,138565783,1.5
429,20,MIDLAND NATL LIFE INS CO,66044,L,128187702,1.4
430,21,GREAT W LIFE & ANN INS CO,68322,L,118926296,1.3
431,22,PROTECTIVE LIFE INS CO,68136,L,99133841,1
432,23,LINCOLN BENEFIT LIFE CO,65595,L,96848563,1
433,,"MEDICAL PROFESSIONAL LIABILITY,  TOTAL PREMIUMS: $594,491,497",,,,
434,1,DOCTORS CO AN INTERINS EXCH,34495,P,117162317,19.7
435,2,MAG MUT INS CO,42617,P,57871090,9.7
436,3,MEDICAL PROTECTIVE CO,11843,P,50921458,8.6
437,4,THE HLTHCARE UNDERWRITING CO RRG,10152,P,35154698,5.9
438,5,NATIONAL FIRE & MARINE INS CO,20079,P,17896734,3
439,6,PROASSURANCE CAS CO,38954,P,15777115,2.7
440,7,NORCAL MUT INS CO,33200,P,15538266,2.6
441,8,EVANSTON INS CO,35378,P,15451557,2.6
442,9,MEDMAL DIRECT INS CO,13793,P,14097163,2.4
443,10,AMERICAN CAS CO OF READING PA,20427,P,12876979,2.2
444,11,FD INS CO,12441,P,12268185,2.1
445,12,LEXINGTON INS CO,19437,P,9926238,1.7
446,13,SAMARITAN RRG INC,12511,P,9443506,1.6
447,14,MCIC VT A RECIP RRG,10697,P,8375113,1.4
448,15,LONE STAR ALLIANCE RRG,15211,P,7797154,1.3
449,16,CONTINENTAL CAS CO,20443,P,7755631,1.3
450,17,COLUMBIA CAS CO,31127,P,6918913,1.2
451,18,PHYSICIANS INS CO,11588,P,6170950,1
452,19,LANDMARK AMER INS CO,33138,P,5989263,1
453,,"MORTGAGE GUARANTY,  TOTAL PREMIUMS: $270,243,796",,,,
454,1,RADIAN GUAR INC,33790,P,68855531,25.5
455,2,MORTGAGE GUAR INS CORP,29858,P,66105932,24.5
456,3,GENWORTH MORTGAGE INS CORP,38458,P,44186968,16.4
457,4,UNITED GUAR RESIDENTIAL INS CO,15873,P,35093203,13
458,5,ESSENT GUAR INC,13634,P,28785251,10.7
459,6,REPUBLIC MORTGAGE INS CO,28452,P,10332409,3.8
460,7,ARCH MORTGAGE INS CO,40266,P,8135555,3
461,8,NATIONAL MORTGAGE INS CORP,13695,P,6246992,2.3
462,9,MGIC IND CORP,18740,P,2274849,0.8
463,10,UNITED GUAR MORTGAGE IND CO,26999,P,216249,0.1
464,,"MULTIPLE PERIL CROP,  TOTAL PREMIUMS: $92,342,003",,,,
465,1,GREAT AMER INS CO,16691,P,23290303,25.2
466,2,ACE PROP & CAS INS CO,20699,P,20206740,21.9
467,3,AMERICAN AGRI BUSINESS INS CO,12548,P,16355840,17.7
468,4,AGRI GEN INS CO,42757,P,11430426,12.4
469,5,NAU COUNTRY INS CO,25240,P,10697381,11.6
470,6,RURAL COMM INS CO,39039,P,4175977,4.5
471,7,GUIDEONE MUT INS CO,15032,P,2104882,2.3
472,8,PRODUCERS AGRICULTURE INS CO,34312,P,1774814,1.9
473,9,ASPEN AMER INS CO,43460,P,1090899,1.2
474,10,ACCEPTANCE IND INS CO,20010,P,1082637,1.2
475,,"OCEAN MARINE,  TOTAL PREMIUMS: $317,726,100",,,,
476,1,GEICO MARINE INS CO,37923,P,33484592,10.5
477,2,XL SPECIALTY INS CO,37885,P,31144986,9.8
478,3,NATIONAL UNION FIRE INS CO OF PITTS,19445,P,30237596,9.5
479,4,TRAVELERS PROP CAS CO OF AMER,25674,P,19322673,6.1
480,5,ACE AMER INS CO,22667,P,17226426,5.4
481,6,SEVEN SEAS INS CO INC,37672,P,16549070,5.2
482,7,FEDERAL INS CO,20281,P,14042185,4.4
483,8,ATLANTIC SPECIALTY INS CO,27154,P,13764432,4.3
484,9,NATIONAL LIAB & FIRE INS CO,20052,P,13595416,4.3
485,10,NAVIGATORS INS CO,42307,P,13142778,4.1
486,11,GREAT AMER INS CO,16691,P,10135034,3.2
487,12,AIG PROP CAS CO,19402,P,8549555,2.7
488,13,STARR IND & LIAB CO,38318,P,8238224,2.6
489,14,CONTINENTAL INS CO,35289,P,7388868,2.3
490,15,AGCS MARINE INS CO,22837,P,7238774,2.3
491,16,MARKEL AMER INS CO,28932,P,5652128,1.8
492,17,UNITED STATES FIRE INS CO,21113,P,5110301,1.6
493,18,ENDURANCE ASSUR CORP,11551,P,4229314,1.3
494,19,TOKIO MARINE AMER INS CO,10945,P,4173706,1.3
495,20,AXIS INS CO,37273,P,3940121,1.2
496,21,AMERICAN SOUTHERN HOME INS CO,41998,P,3461906,1.1
497,22,INDEMNITY INS CO OF NORTH AMER,43575,P,3306929,1
498,23,LIBERTY MUT INS CO,23043,P,3294577,1
499,24,IRONSHORE IND INC,23647,P,3198313,1
500,,"OTHER CONSIDERATIONS,  TOTAL PREMIUMS: $4,834,714,700",,,,
501,1,NATIONWIDE LIFE INS CO,66869,L,1262538057,26.1
502,2,TRANSAMERICA FINANCIAL LIFE INS CO,70688,L,1103775615,22.8
503,3,JOHN HANCOCK LIFE INS CO USA,65838,L,860989318,17.8
504,4,MASSACHUSETTS MUT LIFE INS CO,65935,L,274721790,5.7
505,5,PRUDENTIAL INS CO OF AMER,68241,L,236449805,4.9
506,6,NATIONWIDE LIFE & ANN INS CO,92657,L,209078160,4.3
507,7,TRANSAMERICA LIFE INS CO,86231,L,186902731,3.9
508,8,MUTUAL OF AMER LIFE INS CO,88668,L,112870353,2.3
509,9,HARTFORD LIFE INS CO,88072,L,110068953,2.3
510,10,MINNESOTA LIFE INS CO,66168,L,103288960,2.1
511,11,STANDARD INS CO,69019,L,97646850,2
512,12,NEW YORK LIFE INS CO,66915,L,87220480,1.8
513,,"OTHER LIABILITY,  TOTAL PREMIUMS: $4,899,231,326",,,,
514,1,AMERICAN BANKERS INS CO OF FL,10111,P,1515985321,30.9
515,2,ACE AMER INS CO,22667,P,126210161,2.6
516,3,CONTINENTAL CAS CO,20443,P,111825821,2.3
517,4,SOUTHERN OWNERS INS CO,10190,P,92418839,1.9
518,5,FEDERAL INS CO,20281,P,84638908,1.7
519,6,EVANSTON INS CO,35378,P,74109090,1.5
520,7,SCOTTSDALE INS CO,41297,P,63944306,1.3
521,8,ZURICH AMER INS CO,16535,P,59144073,1.2
522,9,NATIONAL UNION FIRE INS CO OF PITTS,19445,P,56305687,1.1
523,10,LEXINGTON INS CO,19437,P,42723824,0.9
524,,"PRIVATE CROP,  TOTAL PREMIUMS: $448,524",,,,
525,1,RURAL COMM INS CO,39039,P,248785,55.5
526,2,GUIDEONE MUT INS CO,15032,P,80218,17.9
527,3,HUDSON INS CO,25054,P,78973,17.6
528,4,NAU COUNTRY INS CO,25240,P,31703,7.1
529,5,AMERICAN AGRI BUSINESS INS CO,12548,P,4981,1.1
530,6,GREAT AMER INS CO,16691,P,3864,0.9
531,,"PRIVATE FLOOD,  TOTAL PREMIUMS: $47,796,186",,,,
532,1,AMERICAN HOME ASSUR CO,19380,P,12078821,25.3
533,2,FACTORY MUT INS CO,21482,P,11480957,24
534,3,LEXINGTON INS CO,19437,P,7191285,15
535,4,WESTPORT INS CORP,39845,P,2930495,6.1
536,5,WESTERN WORLD INS CO,13196,P,2500825,5.2
537,6,LANDMARK AMER INS CO,33138,P,2040512,4.3
538,7,AFFILIATED FM INS CO,10014,P,1503786,3.1
539,8,ILLINOIS UNION INS CO,27960,P,1402465,2.9
540,9,VOYAGER IND INS CO,40428,P,1243673,2.6
541,10,AMERICAN STRATEGIC INS CORP,10872,P,1130057,2.4
542,11,BANKERS INS CO,33162,P,944128,2
543,12,AIG PROP CAS CO,19402,P,906081,1.9
544,13,FIRST SPECIALTY INS CORP,34916,P,823577,1.7
545,,"PRIVATE PASSENGER AUTO,  TOTAL PREMIUMS: $17,333,359,880",,,,
546,1,STATE FARM MUT AUTO INS CO,25178,P,2752259326,15.9
547,2,GEICO GEN INS CO,35882,P,2211145214,12.8
548,3,PROGRESSIVE AMER INS CO,24252,P,1374303438,7.9
549,4,GEICO IND CO,22055,P,1141172170,6.6
550,5,PROGRESSIVE SELECT INS CO,10192,P,1123598240,6.5
551,6,ALLSTATE FIRE & CAS INS CO,29688,P,988374171,5.7
552,7,GOVERNMENT EMPLOYEES INS CO,22063,P,599829400,3.5
553,8,UNITED SERV AUTOMOBILE ASSN,25941,P,456464993,2.6
554,9,ALLSTATE INS CO,19232,P,386633567,2.2
555,10,WINDHAVEN INS CO,12541,P,354136452,2
556,11,USAA CAS INS CO,25968,P,353867493,2
557,12,INFINITY AUTO INS CO,11738,P,287490249,1.7
558,13,SAFECO INS CO OF IL,39012,P,268580627,1.5
559,14,USAA GEN IND CO,18600,P,259650966,1.5
560,15,STANDARD FIRE INS CO,19070,P,254345327,1.5
561,16,SECURITY NATL INS CO,33120,P,218443275,1.3
562,17,LM GEN INS CO,36447,P,205137840,1.2
563,18,DIRECT GEN INS CO,42781,P,203221482,1.2
564,19,ALLSTATE PROP & CAS INS CO,17230,P,190719065,1.1
565,20,UNITED AUTOMOBILE INS CO,35319,P,174930840,1
566,,"PRODUCTS LIABILITY,  TOTAL PREMIUMS: $215,733,913",,,,
567,1,NATIONAL TRUST INS CO,20141,P,10606211,4.9
568,2,HARTFORD FIRE IN CO,19682,P,9165379,4.2
569,3,COLONY INS CO,39993,P,8699386,4
570,4,FEDERAL INS CO,20281,P,8363862,3.9
571,5,ENDURANCE AMER SPECIALTY INS CO,41718,P,8080189,3.7
572,6,FCCI INS CO,10178,P,6159976,2.9
573,7,AMERISURE INS CO,19488,P,5694253,2.6
574,8,EVANSTON INS CO,35378,P,5649151,2.6
575,9,GREAT AMER E&S INS CO,37532,P,5647857,2.6
576,10,AMERISURE MUT INS CO,23396,P,5250817,2.4
577,11,AMERICAN HOME ASSUR CO,19380,P,4781594,2.2
578,12,WESTERN WORLD INS CO,13196,P,4452107,2.1
579,13,ARCH SPECIALTY INS CO,21199,P,4437685,2.1
580,14,ADMIRAL INS CO,24856,P,3708551,1.7
581,15,COVINGTON SPECIALTY INS CO,13027,P,3327200,1.5
582,16,SECURITY NATL INS CO,19879,P,3319450,1.5
583,17,ZURICH AMER INS CO,16535,P,3111227,1.4
584,18,WESCO INS CO,25011,P,3056445,1.4
585,19,FIRST MERCURY INS CO,10657,P,2874137,1.3
586,20,NORTH RIVER INS CO,21105,P,2864516,1.3
587,21,ALLIANZ GLOBAL RISKS US INS CO,35300,P,2750131,1.3
588,22,MID CONTINENT CAS CO,23418,P,2718109,1.3
589,23,TRAVELERS PROP CAS CO OF AMER,25674,P,2666575,1.2
590,24,LIBERTY MUT FIRE INS CO,23035,P,2640634,1.2
591,25,LEXINGTON INS CO,19437,P,2552003,1.2
592,26,JAMES RIVER INS CO,12203,P,2503037,1.2
593,27,GEMINI INS CO,10833,P,2389580,1.1
594,28,MONROE GUAR INS CO,32506,P,2291727,1.1
595,29,KINSALE INS CO,38920,P,2270813,1.1
596,30,OHIO SECURITY INS CO,24082,P,2265090,1
597,31,AMERICAN GUAR & LIAB INS,26247,P,2201559,1
598,32,FEDERATED MUT INS CO,13935,P,2190226,1
599,,"SURETY,  TOTAL PREMIUMS: $361,620,054",,,,
600,1,TRAVELERS CAS & SURETY CO OF AMER,31194,P,55471260,15.3
601,2,LIBERTY MUT INS CO,23043,P,34747862,9.6
602,3,FIDELITY & DEPOSIT CO OF MD,39306,P,25988104,7.2
603,4,WESTERN SURETY CO,13188,P,20691294,5.7
604,5,FEDERAL INS CO,20281,P,12376008,3.4
605,6,BERKLEY INS CO,32603,P,11602573,3.2
606,7,WESTCHESTER FIRE INS CO,10030,P,10814762,3
607,8,ARCH INS CO,11150,P,9397046,2.6
608,9,GREAT AMER INS CO,16691,P,8589659,2.4
609,10,HARTFORD FIRE IN CO,19682,P,8303718,2.3
610,11,UNITED STATES FIRE INS CO,21113,P,7294475,2
611,12,INTERNATIONAL FIDELITY INS CO,11592,P,6247181,1.7
612,13,PHILADELPHIA IND INS CO,18058,P,5585236,1.5
613,14,ATLANTIC SPECIALTY INS CO,27154,P,5240060,1.4
614,15,LYNDON SOUTHERN INS CO,10051,P,5055340,1.4
615,16,TRAVELERS CAS & SURETY CO,19038,P,5022532,1.4
616,17,NORTH AMER SPECIALTY INS CO,29874,P,4568315,1.3
617,18,HUDSON INS CO,25054,P,4559944,1.3
618,19,WESTFIELD INS CO,24112,P,4477551,1.2
619,20,FCCI INS CO,10178,P,4388570,1.2
620,21,RLI INS CO,13056,P,4308558,1.2
621,22,OHIO CAS INS CO,24074,P,4200168,1.2
622,23,MERCHANTS BONDING CO A MUT,14494,P,4162104,1.2
623,24,OLD REPUBLIC SURETY CO,40444,P,4006144,1.1
624,25,PALMETTO SURETY CORP,13121,P,3967867,1.1
625,26,LEXON INS CO,13307,P,3936183,1.1
626,27,US SPECIALTY INS CO,29599,P,3814934,1.1
627,,"TITLE,  TOTAL PREMIUMS: $1,363,804,047",,,,
628,1,OLD REPUBLIC NATL TITLE INS CO,50520,T,431451804,31.6
629,2,FIRST AMER TITLE INS CO,50814,T,289585873,21.2
630,3,CHICAGO TITLE INS CO,50229,T,172707120,12.7
631,4,FIDELITY NATL TITLE INS CO,51586,T,146678869,10.8
632,5,WESTCOR LAND TITLE INS CO,50050,T,78808562,5.8
633,6,STEWART TITLE GUAR CO,50121,T,76257418,5.6
634,7,COMMONWEALTH LAND TITLE INS CO,50083,T,39968699,2.9
635,8,WFG NATL TITLE INS CO,51152,T,36507297,2.7
636,9,TITLE RESOURCES GUAR CO,50016,T,27302940,2
637,10,ALLIANT NATL TITLE INS CO INC,12309,T,25207109,1.8
638,11,NORTH AMER TITLE INS CO,50130,T,24732680,1.8
639,,"WARRANTY,  TOTAL PREMIUMS: $468,934,174",,,,
640,1,COURTESY INS CO,26492,P,270466892,57.7
641,2,WESCO INS CO,25011,P,32224142,6.9
642,3,CONTINENTAL INS CO,35289,P,24878513,5.3
643,4,MOTORS INS CORP,22012,P,24002745,5.1
644,5,DEALERS ASSUR CO,16705,P,17602419,3.8
645,6,UNIVERSAL UNDERWRITERS INS CO,41181,P,16918125,3.6
646,7,TOYOTA MOTOR INS CO,37621,P,14650896,3.1
647,8,ZALE IND CO,30325,P,12052918,2.6
648,9,OLD UNITED CAS CO,37060,P,9191934,2
649,10,FIRST COLONIAL INS CO,29980,P,8757104,1.9
650,11,PROTECTIVE PROP & CAS INS CO,35769,P,8653841,1.8
651,12,AMERICAN ROAD INS CO,19631,P,7117790,1.5
652,13,HERITAGE IND CO,39527,P,6708008,1.4
653,14,MIC PROP & CAS INS CORP,38601,P,6119421,1.3
654,,"WORKERS' COMPENSATION,  TOTAL PREMIUMS: $2,769,020,557",,,,
655,1,BRIDGEFIELD EMPLOYERS INS CO,10701,P,256099724,9.2
656,2,ASSOCIATED INDUSTRIES INS CO INC,23140,P,155185317,5.6
657,3,FCCI INS CO,10178,P,140181129,5.1
658,4,ZENITH INS CO,13269,P,139756749,5
659,5,TECHNOLOGY INS CO INC,42376,P,136833420,4.9
660,6,RETAILFIRST INS CO,10700,P,90854490,3.3
661,7,AMERICAN ZURICH INS CO,40142,P,75827722,2.7
662,8,AMERISURE INS CO,19488,P,72744071,2.6
663,9,FFVA MUT INS CO,10385,P,68990887,2.5
664,10,GUARANTEE INS CO,11398,P,61028121,2.2
665,11,ZURICH AMER INS CO,16535,P,60053536,2.2
666,12,NORGUARD INS CO,31470,P,57374755,2.1
667,13,TWIN CITY FIRE INS CO CO,29459,P,49449652,1.8
668,14,TRAVELERS IND CO OF AMER,25666,P,49092611,1.8
669,15,CHARTER OAK FIRE INS CO,25615,P,48440614,1.7
670,16,BRIDGEFIELD CAS INS CO,10335,P,43524924,1.6
671,17,AMERISURE MUT INS CO,23396,P,35263026,1.3
672,18,HARTFORD CAS INS CO,29424,P,32984201,1.2
673,19,INDEMNITY INS CO OF NORTH AMER,43575,P,32501200,1.2
674,20,AMERICAN INTERSTATE INS CO,31895,P,32286238,1.2
675,21,NORMANDY INS CO,13012,P,31566650,1.1
676,22,INSURANCE CO OF THE STATE OF PA,19429,P,29340340,1.1
677,23,TRAVELERS PROP CAS CO OF AMER,25674,P,28502920,1
678,24,LM INS CORP,33600,P,27772762,1
